<PAMDataset>
  <Metadata>
    <MDI key="Creator">USGS EROS Landfire Product Service</MDI>
    <MDI key="DataType">Thematic</MDI>
  </Metadata>
  <PAMRasterBand band="1">
    <Description>US_200BPS</Description>
    <UnitOfMeasure>Class</UnitOfMeasure>
    <Histograms>
      <HistItem>
        <HistMin>11</HistMin>
        <HistMax>2724</HistMax>
        <BucketCount>256</BucketCount>
        <IncludeOutOfRange>1</IncludeOutOfRange>
        <Approximate>0</Approximate>
        <HistCounts>10315|0|0|0|0|0|0|0|0|0|0|0|0|0|0|0|0|0|0|0|0|0|0|0|0|0|0|0|0|0|0|0|0|0|0|0|0|0|0|0|0|0|0|0|0|0|0|0|0|0|0|0|0|0|0|0|0|0|0|0|0|0|0|0|0|0|0|0|0|0|0|0|0|0|0|0|0|0|0|0|0|0|0|0|0|0|0|0|0|0|0|0|0|0|0|0|0|0|0|0|0|0|0|0|0|0|0|0|0|0|0|0|0|0|0|0|0|0|0|0|0|0|0|0|0|0|0|0|0|0|0|0|0|0|0|0|0|0|0|0|0|0|0|0|0|0|0|0|120469|239062|96644|0|0|0|0|0|0|0|0|0|0|0|0|0|0|0|0|0|0|0|0|0|0|0|0|0|0|0|0|0|0|0|0|0|0|0|0|0|0|0|0|0|0|0|0|0|0|0|0|0|0|0|0|0|0|0|0|0|0|0|0|0|0|0|0|0|0|0|0|0|0|0|0|0|0|0|0|0|0|0|0|0|0|0|0|0|0|0|0|0|0|0|0|0|0|0|0|0|0|0|0|0|0|0|0|148270</HistCounts>
      </HistItem>
    </Histograms>
    <Metadata>
      <MDI key="BandName">US_200BPS</MDI>
      <MDI key="RepresentationType">ATHEMATIC</MDI>
      <MDI key="STATISTICS_COVARIANCES">287334.5798485415,-50519.69413700188,2972.803550716478,1981.831454006216,3457.475135399108</MDI>
      <MDI key="STATISTICS_MAXIMUM">2724</MDI>
      <MDI key="STATISTICS_MEAN">1844.4987962782</MDI>
      <MDI key="STATISTICS_MEDIAN">1596.243137</MDI>
      <MDI key="STATISTICS_MINIMUM">11</MDI>
      <MDI key="STATISTICS_SKIPFACTORX">1</MDI>
      <MDI key="STATISTICS_SKIPFACTORY">1</MDI>
      <MDI key="STATISTICS_STDDEV">536.03598745657</MDI>
    </Metadata>
  </PAMRasterBand>
  <PAMRasterBand band="2">
    <Description>US_240EVT</Description>
    <UnitOfMeasure>Class</UnitOfMeasure>
    <Histograms>
      <HistItem>
        <HistMin>7238</HistMin>
        <HistMax>9817</HistMax>
        <BucketCount>256</BucketCount>
        <IncludeOutOfRange>1</IncludeOutOfRange>
        <Approximate>0</Approximate>
        <HistCounts>23749|0|0|0|0|11606|230477|14|0|0|0|0|8343|0|0|0|7472|18|0|0|0|0|0|0|87770|0|0|0|0|0|0|0|0|0|0|0|0|0|0|0|0|0|0|0|0|0|0|0|0|0|0|0|0|0|0|0|0|0|0|0|0|0|0|0|0|1258|1097|326|893|0|0|0|16574|24233|0|0|0|0|0|0|0|0|0|0|0|0|0|0|0|0|0|0|0|0|0|0|0|0|0|0|0|0|0|0|0|0|0|0|0|0|0|0|0|0|0|0|0|0|0|0|0|0|0|0|0|0|0|0|0|0|0|0|0|0|0|0|0|0|0|0|0|0|0|0|0|0|0|0|0|0|0|0|0|0|0|0|0|0|0|0|0|0|0|0|0|0|0|0|0|0|0|0|0|0|0|0|0|0|0|14833|0|0|31|2572|0|80108|36482|0|0|0|0|0|33|0|0|0|0|0|0|0|0|0|0|19|0|15519|0|0|0|0|0|0|0|0|0|0|0|0|0|0|0|0|0|0|0|0|0|0|0|0|0|0|0|0|0|15290|0|0|0|0|0|1|0|0|0|0|0|0|0|0|0|0|0|0|0|36042</HistCounts>
      </HistItem>
    </Histograms>
    <Metadata>
      <MDI key="BandName">US_240EVT</MDI>
      <MDI key="RepresentationType">ATHEMATIC</MDI>
      <MDI key="STATISTICS_COVARIANCES">-50519.69413700188,832840.9988274151,43274.1002007644,44028.80537019282,-3593.502973763967</MDI>
      <MDI key="STATISTICS_MAXIMUM">9817</MDI>
      <MDI key="STATISTICS_MEAN">8025.3020707268</MDI>
      <MDI key="STATISTICS_MEDIAN">7480.729412</MDI>
      <MDI key="STATISTICS_MINIMUM">7238</MDI>
      <MDI key="STATISTICS_SKIPFACTORX">1</MDI>
      <MDI key="STATISTICS_SKIPFACTORY">1</MDI>
      <MDI key="STATISTICS_STDDEV">912.6012266195</MDI>
    </Metadata>
  </PAMRasterBand>
  <PAMRasterBand band="3">
    <Description>US_240EVC</Description>
    <UnitOfMeasure>Class</UnitOfMeasure>
    <Histograms>
      <HistItem>
        <HistMin>11</HistMin>
        <HistMax>376</HistMax>
        <BucketCount>256</BucketCount>
        <IncludeOutOfRange>1</IncludeOutOfRange>
        <Approximate>0</Approximate>
        <HistCounts>10315|1258|640|411|46|0|0|713|243|14718|0|0|0|0|263|0|0|0|0|0|0|0|0|0|0|0|0|0|0|0|0|0|0|0|0|0|94|16475|0|28|0|0|0|0|0|0|0|0|0|0|0|0|0|0|0|0|0|0|0|0|0|0|0|0|0|0|0|0|0|42|19|32|12|27|50|29|71|46|171|115|169|487|319|1073|703|2127|1501|1723|4782|3205|7961|4962|12190|7234|7871|17910|9778|20305|10058|20728|10359|10412|20652|10187|21476|11389|25228|14802|30269|16589|17906|35497|16274|26720|9835|17487|3997|2608|2334|339|197|26|0|0|0|0|0|0|0|0|0|0|0|0|0|0|0|0|0|46|57|80|23|49|27|44|136|104|382|342|1132|965|1318|2825|1364|2643|1173|2004|980|1634|751|692|1034|301|384|118|222|73|59|90|16|12|2|7|0|0|0|0|0|0|0|0|0|0|0|0|0|0|0|0|0|0|0|0|0|0|0|0|0|0|0|0|0|0|0|0|0|0|2|0|3|1|2|9|12|32|33|62|35|34|89|73|220|122|352|245|308|882|572|1511|981|2625|1745|2147|4745|2805|6639|3983|9741|5714|6370|14898|7529|12494|4965|7461|2442|1639|2247|718|883|601|163|22|27|1</HistCounts>
      </HistItem>
    </Histograms>
    <Metadata>
      <MDI key="BandName">US_240EVC</MDI>
      <MDI key="RepresentationType">ATHEMATIC</MDI>
      <MDI key="STATISTICS_COVARIANCES">2972.803550716478,43274.1002007644,7347.331417148952,6751.254174902136,-304.0973912768043</MDI>
      <MDI key="STATISTICS_MAXIMUM">376</MDI>
      <MDI key="STATISTICS_MEAN">188.09126325721</MDI>
      <MDI key="STATISTICS_MEDIAN">165.588235</MDI>
      <MDI key="STATISTICS_MINIMUM">11</MDI>
      <MDI key="STATISTICS_SKIPFACTORX">1</MDI>
      <MDI key="STATISTICS_SKIPFACTORY">1</MDI>
      <MDI key="STATISTICS_STDDEV">85.716576093244</MDI>
    </Metadata>
  </PAMRasterBand>
  <PAMRasterBand band="4">
    <Description>US_240EVH</Description>
    <UnitOfMeasure>Class</UnitOfMeasure>
    <Histograms>
      <HistItem>
        <HistMin>11</HistMin>
        <HistMax>310</HistMax>
        <BucketCount>256</BucketCount>
        <IncludeOutOfRange>1</IncludeOutOfRange>
        <Approximate>0</Approximate>
        <HistCounts>10315|1258|517|123|411|46|0|0|0|713|243|14718|0|0|0|0|0|263|0|0|0|0|0|0|0|0|0|0|0|0|0|0|0|0|0|0|0|0|0|0|0|0|0|0|94|10372|6103|0|28|0|0|0|0|0|0|0|0|0|0|0|0|0|0|0|0|0|0|0|0|0|0|0|0|0|0|0|2|89|333|858|1886|9793|8530|10021|11611|13060|41073|40593|64821|86289|76222|48560|25524|903|102|7|6|0|0|0|0|0|0|0|0|0|0|0|0|0|0|0|0|0|0|0|0|0|0|0|0|0|0|0|0|0|0|0|0|0|0|0|0|0|0|0|0|0|0|0|0|0|0|0|0|0|0|0|0|0|0|0|0|0|0|0|0|0|0|0|0|0|0|0|0|0|165|172|384|342|446|1299|1902|6149|2988|1747|1452|751|727|991|391|432|315|361|74|1|0|0|0|0|0|0|0|0|0|0|0|0|0|0|0|0|0|0|0|0|0|0|0|0|0|0|0|0|0|0|0|0|0|0|0|0|0|0|0|0|0|0|0|0|0|0|0|0|0|0|0|0|0|0|0|0|0|0|0|0|0|0|0|497|2623|14267|30004|35135|14843|10815</HistCounts>
      </HistItem>
    </Histograms>
    <Metadata>
      <MDI key="BandName">US_240EVH</MDI>
      <MDI key="RepresentationType">ATHEMATIC</MDI>
      <MDI key="STATISTICS_COVARIANCES">1981.831454006216,44028.80537019282,6751.254174902136,6395.439740458944,101.8576610629</MDI>
      <MDI key="STATISTICS_MAXIMUM">310</MDI>
      <MDI key="STATISTICS_MEAN">146.56058624504</MDI>
      <MDI key="STATISTICS_MEDIAN">115.356863</MDI>
      <MDI key="STATISTICS_MINIMUM">11</MDI>
      <MDI key="STATISTICS_SKIPFACTORX">1</MDI>
      <MDI key="STATISTICS_SKIPFACTORY">1</MDI>
      <MDI key="STATISTICS_STDDEV">79.971493298918</MDI>
    </Metadata>
  </PAMRasterBand>
  <PAMRasterBand band="5">
    <Description>US_240SCLASS</Description>
    <UnitOfMeasure>Class</UnitOfMeasure>
    <Histograms>
      <HistItem>
        <HistMin>1</HistMin>
        <HistMax>180</HistMax>
        <BucketCount>256</BucketCount>
        <IncludeOutOfRange>1</IncludeOutOfRange>
        <Approximate>0</Approximate>
        <HistCounts>19940|78272|188093|0|60153|79663|0|66445|52780|0|0|0|0|0|0|0|0|0|0|0|0|0|0|0|0|0|0|0|0|0|0|0|0|0|0|0|0|0|0|0|0|0|0|0|0|0|0|0|0|0|0|0|0|0|0|0|0|0|0|0|0|0|0|0|0|0|0|0|0|0|0|0|0|0|0|0|0|0|0|0|0|0|0|0|0|0|0|0|0|0|0|0|0|0|0|0|0|0|0|0|0|0|0|0|0|0|0|0|0|0|0|0|0|0|0|0|0|0|0|0|0|0|0|0|0|0|0|0|0|0|0|0|0|0|0|0|0|0|0|0|0|0|0|0|0|0|0|0|0|0|0|0|0|0|0|0|10315|0|0|0|0|0|0|0|0|0|0|0|0|18029|0|0|0|0|0|0|0|0|0|0|0|0|0|0|0|0|263|0|0|0|0|0|0|0|0|0|0|0|0|0|0|0|0|0|0|0|0|0|0|0|0|0|0|0|0|0|0|0|0|0|0|0|0|0|0|0|0|0|0|0|0|0|0|0|0|0|0|0|0|0|0|0|0|0|0|0|0|0|0|0|0|0|0|0|0|40807</HistCounts>
      </HistItem>
    </Histograms>
    <Metadata>
      <MDI key="BandName">US_240SCLASS</MDI>
      <MDI key="RepresentationType">ATHEMATIC</MDI>
      <MDI key="STATISTICS_COVARIANCES">3457.475135399108,-3593.502973763967,-304.0973912768043,101.8576610629,2367.390071523233</MDI>
      <MDI key="STATISTICS_MAXIMUM">180</MDI>
      <MDI key="STATISTICS_MEAN">20.880084911185</MDI>
      <MDI key="STATISTICS_MEDIAN">3.807843</MDI>
      <MDI key="STATISTICS_MINIMUM">1</MDI>
      <MDI key="STATISTICS_SKIPFACTORX">1</MDI>
      <MDI key="STATISTICS_SKIPFACTORY">1</MDI>
      <MDI key="STATISTICS_STDDEV">48.655832862291</MDI>
    </Metadata>
  </PAMRasterBand>
</PAMDataset>
