<?xml version="1.0" encoding="UTF-8"?>
<metadata xml:lang="en"><Esri><CreaDate>20250731</CreaDate><CreaTime>12570800</CreaTime><ArcGISFormat>1.0</ArcGISFormat><SyncOnce>TRUE</SyncOnce><DataProperties><lineage><Process ToolSource="c:\program files\arcgis\server\framework\runtime\arcgis\Resources\ArcToolbox\toolboxes\Data Management Tools.tbx\SetRasterProperties" Date="20250731" Time="125708">SetRasterProperties C:\Users\igskmncn-swscArc\AppData\Local\Temp\landfireproductservice_gpserver\j1ed43bc5b59a4110b3cbc0ca6b9571a0\scratch\j1ed43bc5b59a4110b3cbc0ca6b9571a0.tif Thematic # # # "Creator 'USGS EROS Landfire Product Service'" #</Process></lineage></DataProperties></Esri></metadata>
